INSERT INTO UTILISATEUR (ID,ACTIVE,EMAIL,LAST_NAME,NAME,PASSWORD) VALUES (1,TRUE,'alain@a.a','Admin','Alain','$2a$10$XAOiM6rLRrzMfF4jNsQc7O8jurI4BORxgh6cEGV0k9gymUfjYZx9a');
INSERT INTO UTILISATEUR (ID,ACTIVE,EMAIL,LAST_NAME,NAME,PASSWORD) VALUES (3,TRUE,'ursula@a.a','User','Ursula','$2a$10$2rCrmX.jiEAF1cLdDJduBOAj2qiim6bu9mKF86I3YvrHwNJqvijYW');
INSERT INTO UTILISATEUR (ID,ACTIVE,EMAIL,LAST_NAME,NAME,PASSWORD) VALUES (5,TRUE,'maurice@a.a','Membre','Maurice','$2a$10$jUmvMaNIcH6xE3M8TRp6suTYNmBR08/SBXQ.7iiyTZCa3IWG1o0q6');
INSERT INTO UTILISATEUR (ID,ACTIVE,EMAIL,LAST_NAME,NAME,PASSWORD) VALUES (7,TRUE,'u2@a.a','User2','Ulrich','$2a$10$r5LYG4bcXnFQfXSUFXWLIu8rzSqdOfHPD/SZ9/jJj6aZSXjpAtAsu');
INSERT INTO UTILISATEUR (ID,ACTIVE,EMAIL,LAST_NAME,NAME,PASSWORD) VALUES (9,TRUE,'u3@a.a','User3','Urbain','$2a$10$KicK13YZIjKkmptOwXACg.85TD6d8zcfxN2WcgEWbku5asdgfdvcu');
INSERT INTO UTILISATEUR (ID,ACTIVE,EMAIL,LAST_NAME,NAME,PASSWORD) VALUES (11,TRUE,'m1@a.a','Membre1','Manu','$2a$10$6HdfSXRm2fhvLc6BJQEmPunFIc6hWY94X9/DLQUaHNvc5AAyq/vLO');

INSERT INTO ROLE (ROLE_ID,ROLE) VALUES (2,'ADMIN');
INSERT INTO ROLE (ROLE_ID,ROLE) VALUES (4,'USER');
INSERT INTO ROLE (ROLE_ID,ROLE) VALUES (6,'MEMBRE');
INSERT INTO ROLE (ROLE_ID,ROLE) VALUES (8,'USER');
INSERT INTO ROLE (ROLE_ID,ROLE) VALUES (10,'USER');
INSERT INTO ROLE (ROLE_ID,ROLE) VALUES (12,'MEMBRE');

INSERT INTO USER_ROLE (USER_ID,ROLE_ID) VALUES (1,2);
INSERT INTO USER_ROLE (USER_ID,ROLE_ID) VALUES (3,4);
INSERT INTO USER_ROLE (USER_ID,ROLE_ID) VALUES (5,6);
INSERT INTO USER_ROLE (USER_ID,ROLE_ID) VALUES (7,8);
INSERT INTO USER_ROLE (USER_ID,ROLE_ID) VALUES (9,10);
INSERT INTO USER_ROLE (USER_ID,ROLE_ID) VALUES (11,12);

INSERT INTO SPOT (ID_SPOT,ACCES,CARTOGRAPHIE,CODE_POSTAL_SPOT,COMMUNE_SPOT,COTATION_MAX,COTATION_MIN,DATE_DE_MISEAJOUR,HAUTEUR_MAX,HAUTEUR_MIN,INTERET,LABEL_AMI,MASSIF,NOM_SPOT,ORIENTATION,PRESENTATION,ROCHE) VALUES (1,'Route et marche','oui, topo disponible',30000,'Nimes','9c','1a','2019-12-08 21:16:24.474',70,150,7,TRUE,'Des jardins','Le mega spot','Nord','il est des notres','Calcaire');
INSERT INTO SPOT (ID_SPOT,ACCES,CARTOGRAPHIE,CODE_POSTAL_SPOT,COMMUNE_SPOT,COTATION_MAX,COTATION_MIN,DATE_DE_MISEAJOUR,HAUTEUR_MAX,HAUTEUR_MIN,INTERET,LABEL_AMI,MASSIF,NOM_SPOT,ORIENTATION,PRESENTATION,ROCHE) VALUES (14,'Chemin carrossable et marche','Oui, amateur',84220,'Gordes','8d','2b','2019-12-08 21:19:48.261',450,300,8,FALSE,'Pré-lubéron','La falaise du cimetière','Sud','Excellent lieu pour apprendre, très varié et complet','Friable');

INSERT INTO SECTEUR (ID,DATE_DE_MISEAJOUR,DESCRIPTION,NOM,SPOT_ID_SPOT) VALUES (2,'2019-12-08 19:24:22.841','Enchaînement de grottes','les grottes',1);
INSERT INTO SECTEUR (ID,DATE_DE_MISEAJOUR,DESCRIPTION,NOM,SPOT_ID_SPOT) VALUES (8,'2019-12-08 20:59:36.785','très raide','La falaise',1);

INSERT INTO VOIE (ID,COTATION,DATE_DE_MISEAJOUR,DESCRIPTION,NOM,SECTEUR_ID) VALUES (4,'1a','2019-12-08 19:25:05.887','Début facile','Entrée',2);
INSERT INTO VOIE (ID,COTATION,DATE_DE_MISEAJOUR,DESCRIPTION,NOM,SECTEUR_ID) VALUES (7,'8b','2019-12-08 19:27:38.152','Mur vertical','Retournement',2);
INSERT INTO VOIE (ID,COTATION,DATE_DE_MISEAJOUR,DESCRIPTION,NOM,SECTEUR_ID) VALUES (9,'7c','2019-12-08 21:00:39.5','changement d''inclinaison et escarpé','Voie de départ',8);
INSERT INTO VOIE (ID,COTATION,DATE_DE_MISEAJOUR,DESCRIPTION,NOM,SECTEUR_ID) VALUES (10,'2b','2019-12-08 21:06:20.715','Arrivée à plat','Plateau',8);

INSERT INTO LONGUEUR (ID,COTATION,DATE_DE_MISEAJOUR,DESCRIPTION,NOM,VOIE_ID) VALUES (5,'1a','2019-12-08 19:25:57.165','8 mètres en pente douce','Longueur de début',4);
INSERT INTO LONGUEUR (ID,COTATION,DATE_DE_MISEAJOUR,DESCRIPTION,NOM,VOIE_ID) VALUES (6,'5c','2019-12-08 19:26:40.251','ça commence à grimper','Longueur début suite',4);
INSERT INTO LONGUEUR (ID,COTATION,DATE_DE_MISEAJOUR,DESCRIPTION,NOM,VOIE_ID) VALUES (11,'8c','2019-12-08 21:08:47.268','ça grimpe raide','Longueur pentue',7);
INSERT INTO LONGUEUR (ID,COTATION,DATE_DE_MISEAJOUR,DESCRIPTION,NOM,VOIE_ID) VALUES (12,'7c','2019-12-08 21:11:46.176','c''est raide pour un départ','Longueur de début',10);
INSERT INTO LONGUEUR (ID,COTATION,DATE_DE_MISEAJOUR,DESCRIPTION,NOM,VOIE_ID) VALUES (13,'2a','2019-12-08 21:13:16.624','permet une pause','Arrivée facile',10);

INSERT INTO COMMENTAIRE (ID,DATE_DE_MISEAJOUR,MESSAGE,SPOT_ID_SPOT,USER_COMMENTAIRE_ID) VALUES (3,'2019-12-08 19:24:34.935','C''est magnifique',1,3);

INSERT INTO TOPO (ID_TOPO,AUTEUR_TOPO,CODE_POSTAL_TOPO,DATE_EMPRUNT_TOPO,DATE_FIN_EMPRUNT_TOPO,DEPARTEMENT_TOPO,DESCRIPTION_TOPO,DISPONIBILITE_TOPO,NOM_TOPO,EMPRUNTEUR_TOPO,PROPRIETAIRE_TOPO) VALUES (1,'Christian',30000,null,null,30,'Décrit la parois qui permet d''arriver aux jardins',TRUE,'Environ des jardins',null,3);
INSERT INTO TOPO (ID_TOPO,AUTEUR_TOPO,CODE_POSTAL_TOPO,DATE_EMPRUNT_TOPO,DATE_FIN_EMPRUNT_TOPO,DEPARTEMENT_TOPO,DESCRIPTION_TOPO,DISPONIBILITE_TOPO,NOM_TOPO,EMPRUNTEUR_TOPO,PROPRIETAIRE_TOPO) VALUES (2,'Très précis et à jour',30000,null,null,30,'Point culminant des 7 colines',TRUE,'Tour de l''aigle',null,3);
INSERT INTO TOPO (ID_TOPO,AUTEUR_TOPO,CODE_POSTAL_TOPO,DATE_EMPRUNT_TOPO,DATE_FIN_EMPRUNT_TOPO,DEPARTEMENT_TOPO,DESCRIPTION_TOPO,DISPONIBILITE_TOPO,NOM_TOPO,EMPRUNTEUR_TOPO,PROPRIETAIRE_TOPO) VALUES (3,'Imbert',84220,null,null,84,'Plutôt correcte',TRUE,'Topo du cimetière',null,5);
